Title,Date,Category
Economics of LLMs: Evaluations vs Pricing,2025-02-23,Data Science
Writers Are Training AI to Take Their Own Jobs,2025-02-23,AI
Goodbye RAG? Gemini 2.0 Flash Have Just Killed It!,2025-02-23,Programming
AI is reshaping UI‚Ää‚Äî‚Äähave you noticed the biggest change yet?,2025-02-23,AI
Understanding Inference-Time Scaling,2025-02-23,Machine Learning
"Reasoning with RL‚ÄìDeepSeek-R1, R1-Zero, OpenAI-o1",2025-02-23,Machine Learning
Here Is All You Need for Machine Learning¬†!!,2025-02-23,Data Science
Why The Focus Has Shifted from AI Agents to Agentic Workflows,2025-02-23,Machine Learning
How I predicted the Stock Market,2025-02-23,Machine Learning
The Em‚Äôs Computer Revival!,2025-02-23,Programming
The AI Paradox,2025-02-23,Programming
I have part of the system prompt for Grok 3. Here‚Äôs why I‚Äôm concerned it‚Äôs stalking social media,2025-02-23,Data Science
Stop Copy-Pasting. Turn PDFs into Data in Seconds,2025-02-23,Data Science
20 Advanced Statistical Approaches Every Data Scientist Should Know üê±‚ÄçüöÄ,2025-02-23,Data Science
Economics of LLMs: Evaluations vs Pricing,2025-02-23,Data Science
Writers Are Training AI to Take Their Own Jobs,2025-02-23,AI
Goodbye RAG? Gemini 2.0 Flash Have Just Killed It!,2025-02-23,Programming
AI is reshaping UI‚Ää‚Äî‚Äähave you noticed the biggest change yet?,2025-02-23,AI
Understanding Inference-Time Scaling,2025-02-23,Machine Learning
"Reasoning with RL‚ÄìDeepSeek-R1, R1-Zero, OpenAI-o1",2025-02-23,Machine Learning
Here Is All You Need for Machine Learning¬†!!,2025-02-23,Data Science
Why The Focus Has Shifted from AI Agents to Agentic Workflows,2025-02-23,Machine Learning
How I predicted the Stock Market,2025-02-23,Machine Learning
Common mistakes with TextFormFields in Flutter,2025-02-23,Programming
You Have The Power To Change Organizational Culture As An Introverted Engineering Manager,2025-02-23,Programming
Spring Boot Scheduler: Behind the Scenes,2025-02-23,Programming
The Em‚Äôs Computer Revival!,2025-02-23,Programming
Stop Copy-Pasting. Turn PDFs into Data in Seconds,2025-02-23,Data Science
20 Advanced Statistical Approaches Every Data Scientist Should Know üê±‚ÄçüöÄ,2025-02-23,Data Science
I have part of the system prompt for Grok 3. Here‚Äôs why I‚Äôm concerned it‚Äôs stalking social media,2025-02-23,Data ScienceThe Cybertruck Is Even Worse Than We Thought,2025-02-24,AI
Tackling AI Hallucinations in LLM Apps,2025-02-24,Data Science
Goodbye RAG? Gemini 2.0 Flash Have Just Killed It!,2025-02-24,Programming
The Future of Apps with AI Agents and Vertical AI,2025-02-24,AI
I Attended NVIDIA‚Äôs Lecture to Find NeMo (Guardrails),2025-02-24,AI
The Makridakis Forecasting Competitions: Four Decades of Overhyped Simplicity and Stagnation,2025-02-24,Machine Learning
Why The Focus Has Shifted from AI Agents to Agentic Workflows,2025-02-24,Machine Learning
LangGraph + DeepSeek-R1 + Function Call + Agentic RAG (Insane Results),2025-02-24,Machine Learning
StyleGAN: a Step by Step Introduction,2025-02-24,Data Science
The Kubernetes Mirage: When Scaling Up Becomes Your Greatest Downfall,2025-02-24,Programming
You Need TDD If You Use AI,2025-02-24,Programming
Finding Joy in the Happy Numbers,2025-02-24,Data Science
DDD: Should I write all the code using English?,2025-02-24,Programming
Grok is Overrated. Do This To Transform ANY LLM to a Super-Intelligent Financial Analyst,2025-02-24,Data Science
10x Cheaper PDF Processing: Ingesting and RAG on Millions of Documents with Gemini 2.0 Flash,2025-02-24,Data Science
The Cybertruck Is Even Worse Than We Thought,2025-02-24,AI
Tackling AI Hallucinations in LLM Apps,2025-02-24,Data Science
Goodbye RAG? Gemini 2.0 Flash Have Just Killed It!,2025-02-24,Programming
The Future of Apps with AI Agents and Vertical AI,2025-02-24,AI
I Attended NVIDIA‚Äôs Lecture to Find NeMo (Guardrails),2025-02-24,AI
The Makridakis Forecasting Competitions: Four Decades of Overhyped Simplicity and Stagnation,2025-02-24,Machine Learning
Why The Focus Has Shifted from AI Agents to Agentic Workflows,2025-02-24,Machine Learning
LangGraph + DeepSeek-R1 + Function Call + Agentic RAG (Insane Results),2025-02-24,Machine Learning
StyleGAN: a Step by Step Introduction,2025-02-24,Data Science
The Kubernetes Mirage: When Scaling Up Becomes Your Greatest Downfall,2025-02-24,Programming
You Need TDD If You Use AI,2025-02-24,Programming
Finding Joy in the Happy Numbers,2025-02-24,Data Science
DDD: Should I write all the code using English?,2025-02-24,Programming
Grok is Overrated. Do This To Transform ANY LLM to a Super-Intelligent Financial Analyst,2025-02-24,Data Science
10x Cheaper PDF Processing: Ingesting and RAG on Millions of Documents with Gemini 2.0 Flash,2025-02-24,Data Science
The Cybertruck Is Even Worse Than We Thought,2025-02-24,AI
Tackling AI Hallucinations in LLM Apps,2025-02-24,Data Science
Goodbye RAG? Gemini 2.0 Flash Have Just Killed It!,2025-02-24,Programming
The Future of Apps with AI Agents and Vertical AI,2025-02-24,AI
I Attended NVIDIA‚Äôs Lecture to Find NeMo (Guardrails),2025-02-24,AI
The Makridakis Forecasting Competitions: Four Decades of Overhyped Simplicity and Stagnation,2025-02-24,Machine Learning
Why The Focus Has Shifted from AI Agents to Agentic Workflows,2025-02-24,Machine Learning
LangGraph + DeepSeek-R1 + Function Call + Agentic RAG (Insane Results),2025-02-24,Machine Learning
StyleGAN: a Step by Step Introduction,2025-02-24,Data Science
The Kubernetes Mirage: When Scaling Up Becomes Your Greatest Downfall,2025-02-24,Programming
You Need TDD If You Use AI,2025-02-24,Programming
Finding Joy in the Happy Numbers,2025-02-24,Data Science
DDD: Should I write all the code using English?,2025-02-24,Programming
Grok is Overrated. Do This To Transform ANY LLM to a Super-Intelligent Financial Analyst,2025-02-24,Data Science
10x Cheaper PDF Processing: Ingesting and RAG on Millions of Documents with Gemini 2.0 Flash,2025-02-24,Data Science
